num;p30;p5;delta;flag
1;0.213551;0.213551;0.000000;stable
2;0.177959;0.177959;0.000000;stable
3;0.152536;0.152536;0.000000;stable
4;0.133469;0.133469;0.000000;stable
5;0.118639;0.118639;0.000000;stable
6;0.106776;0.106776;0.000000;stable
7;0.097069;0.097069;0.000000;stable
