num,odds_win,p_no_vig,j_rate,e_rate
1,2.5,0.4610778443113772,0.0,0.0
2,3.5,0.3293413173652694,0.0,0.0
3,5.5,0.20958083832335328,0.0,0.0
